price,date
558.46,2013-07-02
556.617926464765,2013-07-03
558.4418984983540,2013-07-05
556.1815079614260,2013-07-08
558.7421181460450,2013-07-09
556.7145429578950,2013-07-10
556.5015553895100,2013-07-11
557.7667856107970,2013-07-12
551.0495722473980,2013-07-15
554.8340740028030,2013-07-16
554.8070490191690,2013-07-17
557.6146100013060,2013-07-18
559.1570219948180,2013-07-19
559.3257377573200,2013-07-22
564.3591483036580,2013-07-23
558.0703167166310,2013-07-24
554.2349204582850,2013-07-25
551.3644406674190,2013-07-26
547.297248717244,2013-07-29
547.8566211407140,2013-07-30
550.0680695030370,2013-07-31
558.6246937069550,2013-08-01
561.2672553416960,2013-08-02
564.4366607168670,2013-08-05
566.311865940852,2013-08-06
567.9156993925390,2013-08-07
570.3672658097000,2013-08-08
571.9355060306580,2013-08-09
575.819209311889,2013-08-12
577.7113326049170,2013-08-13
574.7454582978300,2013-08-14
574.0377684340540,2013-08-15
578.0630315628060,2013-08-16
576.2470016815770,2013-08-19
574.2508775763860,2013-08-20
569.2433910972590,2013-08-21
567.5823872631510,2013-08-22
566.305624604699,2013-08-23
570.4879765405250,2013-08-26
570.6910231231650,2013-08-27
568.9574869368510,2013-08-28
569.4149932807000,2013-08-29
563.4763256297310,2013-08-30
564.9886111326430,2013-09-03
565.3935820613820,2013-09-04
564.5086178096780,2013-09-05
563.2773582055710,2013-09-06
562.680934889911,2013-09-09
557.6975553466140,2013-09-10
558.1594000250020,2013-09-11
557.0955720626150,2013-09-12
560.7710699939010,2013-09-13
565.390470480282,2013-09-16
562.2432824397380,2013-09-17
562.0242524321120,2013-09-18
561.7622378914410,2013-09-19
560.9457943407340,2013-09-20
564.637433503083,2013-09-23
567.0214682159370,2013-09-24
561.3826141300850,2013-09-25
561.0827905758010,2013-09-26
561.8452616070530,2013-09-27
563.8704537197420,2013-09-30
561.4426701501240,2013-10-01
565.468603116863,2013-10-02
572.9527013912940,2013-10-03
568.866065413343,2013-10-04
563.8002688674060,2013-10-07
563.6416053996300,2013-10-08
566.9120623164480,2013-10-09
564.6853072451340,2013-10-10
564.2719442522030,2013-10-11
563.093278067801,2013-10-14
567.7860240990430,2013-10-15
569.1579103812260,2013-10-16
567.6665131319250,2013-10-17
563.7016475568270,2013-10-18
562.3774465322550,2013-10-21
562.4373539666450,2013-10-22
564.3972161134830,2013-10-23
561.1819419891360,2013-10-24
569.1999603338960,2013-10-25
572.5214448308410,2013-10-28
573.9615934613250,2013-10-29
570.973190422029,2013-10-30
568.3219266419930,2013-10-31
568.9153332808170,2013-11-01
567.9756210215940,2013-11-04
563.3944009153450,2013-11-05
565.8222347957110,2013-11-06
556.3892770550720,2013-11-07
556.0358050700230,2013-11-08
556.0803829860560,2013-11-11
556.8478978449970,2013-11-12
558.9777705617310,2013-11-13
549.5825372005140,2013-11-14
550.2552812493250,2013-11-15
549.7332567212720,2013-11-18
549.1215113339450,2013-11-19
554.7732907859410,2013-11-20
555.3122544123710,2013-11-21
560.205333512995,2013-11-22
559.2303159801680,2013-11-25
563.6304135177190,2013-11-26
565.8543960427700,2013-11-27
570.0609953452300,2013-11-29
565.6128172601220,2013-12-02
566.0796567136160,2013-12-03
567.7583916929680,2013-12-04
565.300988652177,2013-12-05
563.7043447366250,2013-12-06
560.75285515114,2013-12-09
564.6034235256140,2013-12-10
565.1677700063420,2013-12-11
564.105729124735,2013-12-12
562.6571940133760,2013-12-13
564.3082541287190,2013-12-16
563.688867770645,2013-12-17
558.9123675539030,2013-12-18
560.3490537580910,2013-12-19
556.2763675411880,2013-12-20
556.1993953518880,2013-12-23
555.1984750871820,2013-12-24
555.8246033662420,2013-12-26
553.7134726494830,2013-12-27
552.9051090481070,2013-12-30
559.6364066406550,2013-12-31
556.931342267684,2014-01-02
560.7555342765810,2014-01-03
565.5167626093550,2014-01-06
562.4397841067050,2014-01-07
569.8807889898360,2014-01-08
566.6803714812070,2014-01-09
573.9939781471600,2014-01-10
572.9951712469480,2014-01-13
574.1343461354980,2014-01-14
573.7583697203520,2014-01-15
570.6818102791170,2014-01-16
570.0178284039180,2014-01-17
575.1697083120590,2014-01-21
571.3603545787560,2014-01-22
571.1097296985170,2014-01-23
573.9664130294560,2014-01-24
574.9786300038260,2014-01-27
583.0409198436330,2014-01-28
585.6438472585320,2014-01-29
584.0641526080100,2014-01-30
584.1605042146030,2014-01-31
583.644053695427,2014-02-03
587.5257088075920,2014-02-04
586.4111811479420,2014-02-05
584.0771252255310,2014-02-06
584.5805837758720,2014-02-07
587.8259941118170,2014-02-10
587.7733778469380,2014-02-11
586.82630058797,2014-02-12
590.6707108011690,2014-02-13
590.6796655922930,2014-02-14
593.1068156878270,2014-02-18
597.4596568472380,2014-02-19
601.7272985794190,2014-02-20
606.8368163881880,2014-02-21
608.9708354192510,2014-02-24
601.6386592959790,2014-02-25
602.8417146433130,2014-02-26
603.1958372784820,2014-02-27
612.4230358548500,2014-02-28
615.307147746142,2014-03-03
617.1355260758000,2014-03-04
614.6138683411010,2014-03-05
616.3683513269310,2014-03-06
613.1416565280620,2014-03-07
612.3946876676580,2014-03-10
616.7479309920030,2014-03-11
616.7239446543850,2014-03-12
611.0700179590000,2014-03-13
617.3720463837680,2014-03-14
614.6281165073480,2014-03-17
618.597157023459,2014-03-18
618.3503831335180,2014-03-19
620.315600353996,2014-03-20
626.4825787024180,2014-03-21
622.1120252224230,2014-03-24
618.185873405221,2014-03-25
618.2842574784360,2014-03-26
623.3971047704290,2014-03-27
628.1769543659990,2014-03-28
628.6563813686600,2014-03-31
632.0604418720120,2014-04-01
635.4899532851080,2014-04-02
637.3059175894670,2014-04-03
639.4976628056810,2014-04-04
643.6704981282290,2014-04-07
646.0603160212310,2014-04-08
645.0961305032580,2014-04-09
638.6452341268030,2014-04-10
645.6455577189300,2014-04-11
648.3040742852280,2014-04-14
647.4549354839780,2014-04-15
643.5142144510900,2014-04-16
640.6948261124580,2014-04-17
637.99765196509,2014-04-21
632.0393797025210,2014-04-22
628.4253773232860,2014-04-23
628.2188848449150,2014-04-24
628.5126301449780,2014-04-25
625.1343716951990,2014-04-28
627.8542444253360,2014-04-29
621.3262325267170,2014-04-30
623.2908652671210,2014-05-01
623.0814539161220,2014-05-02
623.5124011723760,2014-05-05
633.4977429775050,2014-05-06
633.3243764664950,2014-05-07
637.8653431030210,2014-05-08
640.9331315044580,2014-05-09
638.93464161456,2014-05-12
631.9148338055030,2014-05-13
636.644798916413,2014-05-14
636.773369885419,2014-05-15
638.5639745226240,2014-05-16
637.8143907495890,2014-05-19
637.4189766342850,2014-05-20
635.5925501477680,2014-05-21
639.3316137897220,2014-05-22
639.0640716096940,2014-05-23
636.7263594569390,2014-05-27
635.5421883971660,2014-05-28
632.1185483300850,2014-05-29
630.1607261432480,2014-05-30
632.1208174620370,2014-06-02
636.2953789495320,2014-06-03
638.2364308200080,2014-06-04
636.4603155712060,2014-06-05
633.0361506954650,2014-06-06
627.5311257560630,2014-06-09
630.9769874526410,2014-06-10
633.9300060438950,2014-06-11
633.3907594132560,2014-06-12
630.7315322720930,2014-06-13
631.2666653625410,2014-06-16
636.1984595989660,2014-06-17
636.6597099110470,2014-06-18
631.8897194484560,2014-06-19
628.2537923630070,2014-06-20
633.5605251149370,2014-06-23
637.0006927707450,2014-06-24
637.0802418015180,2014-06-25
635.8740805941210,2014-06-26
640.0614026998820,2014-06-27
637.059686154294,2014-06-30
635.6034002059730,2014-07-01
630.2629816821180,2014-07-02
623.2329973232140,2014-07-03
622.9036545666480,2014-07-07
627.3422028181720,2014-07-08
624.0883613959220,2014-07-09
618.6641363847950,2014-07-10
613.3634891809970,2014-07-11
610.9771087766690,2014-07-14
612.7569695111770,2014-07-15
610.2700846738770,2014-07-16
611.2590419284590,2014-07-17
612.8044660344560,2014-07-18
614.0012630956740,2014-07-21
615.5765713027450,2014-07-22
611.0077918880110,2014-07-23
606.0981699789450,2014-07-24
606.3819715578330,2014-07-25
601.9010406080860,2014-07-28
594.9963987672020,2014-07-29
591.3412985576530,2014-07-30
595.4068738652150,2014-07-31
596.2000571376310,2014-08-01
589.3438774849040,2014-08-04
589.0479488803500,2014-08-05
593.5480103990110,2014-08-06
592.6038576729870,2014-08-07
596.4326228394920,2014-08-08
593.0655905015040,2014-08-11
591.7497148398730,2014-08-12
595.0723383658480,2014-08-13
595.8246115992970,2014-08-14
596.678543348118,2014-08-15
598.4465076335900,2014-08-18
592.323507969106,2014-08-19
593.2752619668920,2014-08-20
600.0542869673560,2014-08-21
596.4063324697360,2014-08-22
595.4503619191830,2014-08-25
591.490802926716,2014-08-26
594.465102540645,2014-08-27
596.8608833058020,2014-08-28
599.8330506457000,2014-08-29
592.4947860218380,2014-09-02
595.2296095089520,2014-09-03
597.1042675719840,2014-09-04
592.824306536273,2014-09-05
586.8429265628520,2014-09-08
589.9247833573510,2014-09-09
589.7744851589470,2014-09-10
587.3478536335350,2014-09-11
590.2257532442750,2014-09-12
592.663888804167,2014-09-15
592.7030593759540,2014-09-16
591.8985384272730,2014-09-17
596.8392849698480,2014-09-18
598.0961357045740,2014-09-19
599.9750846836030,2014-09-22
603.7212471493640,2014-09-23
601.0704482202230,2014-09-24
600.330187453601,2014-09-25
605.2921787298590,2014-09-26
599.5378827923690,2014-09-29
615.2317587921310,2014-09-30
613.8054653446180,2014-10-01
619.3573074865130,2014-10-02
618.0719878956510,2014-10-03
618.2830666022220,2014-10-06
627.6291626992140,2014-10-07
631.1556761153640,2014-10-08
633.7467963779000,2014-10-09
630.8694913174970,2014-10-10
629.3881601492120,2014-10-13
640.7749028245350,2014-10-14
640.7377373960860,2014-10-15
642.8171349638060,2014-10-16
645.8354006315220,2014-10-17
644.5571335656770,2014-10-20
641.440393261468,2014-10-21
638.0019125025270,2014-10-22
640.5329835331210,2014-10-23
633.4373364097040,2014-10-24
630.9727631283430,2014-10-27
632.8377198302360,2014-10-28
630.0720261232270,2014-10-29
627.1467671297590,2014-10-30
629.5873361231520,2014-10-31
638.0810378007460,2014-11-03
643.9189634001110,2014-11-04
644.2155582976230,2014-11-05
640.6529915049780,2014-11-06
636.8361645555830,2014-11-07
636.0554595983380,2014-11-10
637.1564766226610,2014-11-11
637.814999429469,2014-11-12
639.2437310982650,2014-11-13
644.1161447873390,2014-11-14
641.291914349561,2014-11-17
640.6904831485970,2014-11-18
642.7357691159370,2014-11-19
641.8838772589960,2014-11-20
642.6081205665550,2014-11-21
642.4587521552790,2014-11-24
641.3600041097010,2014-11-25
648.9205204397370,2014-11-26
647.4472669208320,2014-11-28
647.5143372497170,2014-12-01
642.2426838698680,2014-12-02
640.2426875114420,2014-12-03
636.3937704959930,2014-12-04
638.7639337422580,2014-12-05
634.4498774253470,2014-12-08
627.468459736934,2014-12-09
621.7949606805290,2014-12-10
623.7915306648200,2014-12-11
629.7147473406130,2014-12-12
620.8706357594370,2014-12-15
616.0637238390460,2014-12-16
618.2796940249330,2014-12-17
615.5805918270850,2014-12-18
620.1347475505250,2014-12-19
621.9226872469640,2014-12-22
621.8462343147450,2014-12-23
622.0866642624970,2014-12-24
624.5571873335360,2014-12-26
625.039476275094,2014-12-29
626.8604218376030,2014-12-30
619.1914628926040,2014-12-31
617.5429425705860,2015-01-02
610.3802798414730,2015-01-05
612.3469378953010,2015-01-06
610.460279895537,2015-01-07
617.6612166558630,2015-01-08
618.5259525254180,2015-01-09
619.6071437756120,2015-01-12
626.4084963180000,2015-01-13
622.9514393010010,2015-01-14
627.9176979192710,2015-01-15
626.8169124300830,2015-01-16
626.7215964109000,2015-01-20
620.4932821130000,2015-01-21
623.6862782850750,2015-01-22
627.8407453823350,2015-01-23
625.0265787440120,2015-01-26
626.171518957984,2015-01-27
628.8711030638670,2015-01-28
629.7956003258120,2015-01-29
622.0645977421420,2015-01-30
620.8345549529740,2015-02-02
616.68772034483,2015-02-03
613.9635180780320,2015-02-04
608.2367508737670,2015-02-05
613.2927314713070,2015-02-06
616.0643092597890,2015-02-09
615.0065046312660,2015-02-10
616.1831720909670,2015-02-11
619.563066400863,2015-02-12
615.983690865898,2015-02-13
617.7090728307690,2015-02-17
616.4353455893150,2015-02-18
618.5444320123330,2015-02-19
620.0394406510830,2015-02-20
617.2784439730620,2015-02-23
618.8749239934530,2015-02-24
614.0749981817740,2015-02-25
611.9838481028060,2015-02-26
610.1622633686230,2015-02-27
615.5089619025190,2015-03-02
625.3411177486290,2015-03-03
623.1123031137870,2015-03-04
624.1835718044330,2015-03-05
622.6776317200340,2015-03-06
630.1479059146300,2015-03-09
626.0681644790520,2015-03-10
627.4553079287140,2015-03-11
628.3477574251660,2015-03-12
622.2474164456070,2015-03-13
625.8975671666730,2015-03-16
619.8238733669840,2015-03-17
614.7395640436570,2015-03-18
607.9117017068050,2015-03-19
606.6018893638230,2015-03-20
607.0672352002030,2015-03-23
606.7274022060450,2015-03-24
611.5172348004420,2015-03-25
614.6763637470560,2015-03-26
614.8765838854050,2015-03-27
611.3135818360800,2015-03-30
617.1013938577500,2015-03-31
618.6685020137710,2015-04-01
617.6594677687450,2015-04-02
613.4642718533400,2015-04-06
615.6622521499320,2015-04-07
613.4285367625060,2015-04-08
620.3841623044380,2015-04-09
621.6929423217260,2015-04-10
617.6483199126800,2015-04-13
614.4025227194290,2015-04-14
606.9263249442210,2015-04-15
604.6591198504390,2015-04-16
600.6054443442470,2015-04-17
598.2189996287360,2015-04-20
591.6286769052880,2015-04-21
593.2276342369220,2015-04-22
596.0789956238300,2015-04-23
595.9246751000450,2015-04-24
597.5397008061710,2015-04-27
601.5309765309740,2015-04-28
599.343662529262,2015-04-29
599.2624274874450,2015-04-30
598.7246117217120,2015-05-01
601.3997932323350,2015-05-04
598.3098507357320,2015-05-05
599.8289720134520,2015-05-06
595.9448308704290,2015-05-07
591.1267666442950,2015-05-08
589.1087088290950,2015-05-11
590.2353158130630,2015-05-12
587.5155722748130,2015-05-13
584.7484473331510,2015-05-14
590.1969327611670,2015-05-15
595.9990112845450,2015-05-18
593.4132425464120,2015-05-19
597.5872515173680,2015-05-20
593.7093659103850,2015-05-21
590.2473020119510,2015-05-22
590.6177478104580,2015-05-26
592.4042156631940,2015-05-27
593.5866419600590,2015-05-28
593.2315446534510,2015-05-29
597.199215617125,2015-06-01
603.2928220491870,2015-06-02
603.6269599952350,2015-06-03
606.4387612935310,2015-06-04
603.857754595744,2015-06-05
603.8332206579940,2015-06-08
603.3811802848890,2015-06-09
598.8912699455990,2015-06-10
592.8228384145400,2015-06-11
588.2839065041800,2015-06-12
585.9336970798800,2015-06-15
588.3947024347760,2015-06-16
584.2112871802360,2015-06-17
584.2881819951190,2015-06-18
582.2151802745210,2015-06-19
576.8383864713200,2015-06-22
575.9059707225400,2015-06-23
574.2114481290660,2015-06-24
579.5480410940260,2015-06-25
576.6500731867670,2015-06-26
580.5642214534570,2015-06-29
582.390925323322,2015-06-30
578.2331257605830,2015-07-01
588.0464806546210,2015-07-02
587.9885776568530,2015-07-06
586.1346570328180,2015-07-07
588.4276682726420,2015-07-08
591.4132028939930,2015-07-09
600.3261186450100,2015-07-10
604.382772247068,2015-07-13
613.952095322586,2015-07-14
609.9358137521000,2015-07-15
610.7790858606180,2015-07-16
619.0271048687190,2015-07-17
613.9981995396280,2015-07-20
621.4834121711970,2015-07-21
621.834730748082,2015-07-22
626.6836857278670,2015-07-23
632.2682872652360,2015-07-24
630.9878363704930,2015-07-27
626.5470457044780,2015-07-28
616.2682766722130,2015-07-29
620.8068355971810,2015-07-30
613.6583503425870,2015-07-31
609.178721749413,2015-08-03
615.4761780718160,2015-08-04
620.6614545347290,2015-08-05
623.1347616707820,2015-08-06
625.3238126990660,2015-08-07
625.028885766354,2015-08-10
622.3749105550690,2015-08-11
617.7090193755100,2015-08-12
618.7017955533100,2015-08-13
618.7952134762950,2015-08-14
618.6023435257570,2015-08-17
618.4886609150900,2015-08-18
619.3425549941280,2015-08-19
620.8410199520490,2015-08-20
614.8137838409220,2015-08-21
617.2317716865420,2015-08-24
623.0103647193700,2015-08-25
624.9926854406410,2015-08-26
626.174709702668,2015-08-27
625.0511905378940,2015-08-28
627.5585868087320,2015-08-31
634.6941621455900,2015-09-01
634.0070867774370,2015-09-02
631.918929943422,2015-09-03
637.3004951860640,2015-09-04
636.1323940819730,2015-09-08
639.8064171262550,2015-09-09
643.0175363902950,2015-09-10
640.7102032400750,2015-09-11
642.369331921791,2015-09-14
645.4791535545480,2015-09-15
647.6898448384810,2015-09-16
650.6841726664910,2015-09-17
648.2741126313590,2015-09-18
658.4353842379220,2015-09-21
654.3144478986380,2015-09-22
656.6771168195430,2015-09-23
661.4067985784680,2015-09-24
661.8238911699530,2015-09-25
659.375484596278,2015-09-28
663.7500312231890,2015-09-29
665.5384119746430,2015-09-30
664.3325796113270,2015-10-01
664.8733502680430,2015-10-02
668.8113189571970,2015-10-05
669.6772986609830,2015-10-06
666.6739837732160,2015-10-07
663.4236576527870,2015-10-08
663.8935184900300,2015-10-09
673.0880946639730,2015-10-12
674.3927271637090,2015-10-13
679.2238445508100,2015-10-14
674.7708109022510,2015-10-15
680.9175184776750,2015-10-16
681.3574549150740,2015-10-19
679.1085127522660,2015-10-20
685.8079275861970,2015-10-21
681.2764965352840,2015-10-22
684.1761549403670,2015-10-23
688.410354058687,2015-10-26
688.6649093127340,2015-10-27
690.3729503291730,2015-10-28
697.9306366094600,2015-10-29
700.7975108770570,2015-10-30
696.7394894203010,2015-11-02
700.5065287371000,2015-11-03
707.3623873555610,2015-11-04
710.6418898970750,2015-11-05
707.7928313860020,2015-11-06
713.3380450485240,2015-11-09
709.701076341406,2015-11-10
707.6028881302550,2015-11-11
709.5699655329160,2015-11-12
705.9793408821640,2015-11-13
698.2294813308620,2015-11-16
696.5631910530510,2015-11-17
695.625338652889,2015-11-18
690.9945085040940,2015-11-19
693.7333889025100,2015-11-20
700.0047913452900,2015-11-23
697.681071633948,2015-11-24
697.0743996692540,2015-11-25
700.6551674710220,2015-11-27
702.0767310824860,2015-11-30
701.0971504609200,2015-12-01
701.5248938286570,2015-12-02
697.3069516420910,2015-12-03
690.1040563798310,2015-12-04
685.9663649111820,2015-12-07
692.2067495824700,2015-12-08
688.3131948869270,2015-12-09
692.5258135711750,2015-12-10
694.5446253050270,2015-12-11
705.9025043665550,2015-12-14
712.3146252293110,2015-12-15
714.2807769046640,2015-12-16
717.7328415421970,2015-12-17
712.494782897441,2015-12-18
707.8633901159700,2015-12-21
709.3089923317100,2015-12-22
709.3714456849510,2015-12-23
711.7417277958510,2015-12-24
721.4454080295150,2015-12-28
715.2209694415790,2015-12-29
712.8565302032450,2015-12-30
708.1534524446520,2015-12-31
708.3110539878530,2016-01-04
712.866359997676,2016-01-05
714.2067759265160,2016-01-06
715.8800575434340,2016-01-07
720.555765949799,2016-01-08
715.6938882356560,2016-01-11
713.5637745270230,2016-01-12
710.6013020195790,2016-01-13
706.2700866423950,2016-01-14
709.4361406274420,2016-01-15
703.7223576409280,2016-01-19
704.6530781815330,2016-01-20
702.561107287951,2016-01-21
701.2612784981580,2016-01-22
702.5363425980470,2016-01-25
703.3301703919000,2016-01-26
713.3545675961130,2016-01-27
721.6584595591040,2016-01-28
726.7111325858040,2016-01-29
726.7629108715480,2016-02-01
724.252818836566,2016-02-02
725.9474736941240,2016-02-03
725.858761637053,2016-02-04
727.3889003703060,2016-02-05
731.4829726199240,2016-02-08
736.4250363281100,2016-02-09
736.2021099355230,2016-02-10
734.0293702517560,2016-02-11
734.0179598252570,2016-02-12
733.0095699547170,2016-02-16
732.1860255274790,2016-02-17
735.3018660234000,2016-02-18
733.3566410051190,2016-02-19
732.4628843112200,2016-02-22
726.7242862035140,2016-02-23
726.2957403474840,2016-02-24
725.550473086717,2016-02-25
722.323986097871,2016-02-26
723.3552886820700,2016-02-29
721.8466435382930,2016-03-01
717.5290764415960,2016-03-02
718.9168505015280,2016-03-03
717.5175507428200,2016-03-04
720.1453710858540,2016-03-07
720.5572862174170,2016-03-08
715.0362144120140,2016-03-09
707.6807407917810,2016-03-10
710.7899107828030,2016-03-11
707.6198571821550,2016-03-14
709.6816338881660,2016-03-15
711.1482581253650,2016-03-16
708.2542909450780,2016-03-17
705.6037647139810,2016-03-18
702.8184990775580,2016-03-21
704.2486222993860,2016-03-22
707.9730385899940,2016-03-23
711.791615302845,2016-03-24
714.6685260972670,2016-03-28
710.4384234818560,2016-03-29
704.0848239721640,2016-03-30
705.0882945478400,2016-03-31
706.7738601037540,2016-04-01
706.1417940920510,2016-04-04
713.1535807074510,2016-04-05
714.0193672224900,2016-04-06
717.244872766897,2016-04-07
713.459073696146,2016-04-08
706.610614870185,2016-04-11
702.7644786906440,2016-04-12
704.4674012140230,2016-04-13
709.1609173202900,2016-04-14
713.2112224131410,2016-04-15
716.0097489174230,2016-04-18
724.9057468285650,2016-04-19
725.4918303357420,2016-04-20
729.4403032742430,2016-04-21
723.9933882149100,2016-04-22
732.8886947016430,2016-04-25
733.2236968216020,2016-04-26
735.9732762569090,2016-04-27
728.8458364328960,2016-04-28
730.8517394174370,2016-04-29
729.6197231813800,2016-05-02
736.6623819938580,2016-05-03
735.9658510624120,2016-05-04
735.9762599015930,2016-05-05
737.9869647445820,2016-05-06
739.992808917265,2016-05-09
746.4773656023770,2016-05-10
748.157184145555,2016-05-11
748.222866724126,2016-05-12
752.8464274027750,2016-05-13
742.2351222574110,2016-05-16
744.1376666821610,2016-05-17
742.6102823826570,2016-05-18
742.859359581791,2016-05-19
751.0654207862070,2016-05-20
753.2568159342820,2016-05-23
749.6000840459020,2016-05-24
752.4587357160200,2016-05-25
749.7395742092090,2016-05-26
744.8245195944600,2016-05-27
745.5221142538450,2016-05-31
747.8482464677900,2016-06-01
744.9853713578510,2016-06-02
740.5787743509960,2016-06-03
740.0545628345660,2016-06-06
742.2534680984640,2016-06-07
739.5529527729270,2016-06-08
739.6586932161760,2016-06-09
740.0330608494620,2016-06-10
743.3890915366100,2016-06-13
749.5167557990410,2016-06-14
750.7984789628530,2016-06-15
756.5410587027890,2016-06-16
756.4745020030480,2016-06-17
756.6076154014970,2016-06-20
755.3227344180540,2016-06-21
749.6774386587060,2016-06-22
746.4862193523290,2016-06-23
748.1302849799400,2016-06-24
746.8248375050840,2016-06-27
748.037065632586,2016-06-28
744.3571994411700,2016-06-29
742.853264399725,2016-06-30
745.3612444217390,2016-07-01
740.7300964195730,2016-07-05
741.6048569947130,2016-07-06
754.2163670317300,2016-07-07
755.4652742852970,2016-07-08
758.649710244713,2016-07-11
764.3758784861110,2016-07-12
756.2192544290690,2016-07-13
760.8129765159760,2016-07-14
765.7210379446900,2016-07-15
765.8611545488480,2016-07-18
769.2659856404130,2016-07-19
759.2708370789080,2016-07-20
755.7668593007430,2016-07-21
754.2905407842190,2016-07-22
751.8303049005650,2016-07-25
754.048272846559,2016-07-26
753.7161879898310,2016-07-27
753.4364708910350,2016-07-28
756.5960410697310,2016-07-29
763.0824370597540,2016-08-01
767.0951137214610,2016-08-02
764.4117919434720,2016-08-03
765.2586527218690,2016-08-04
758.9569188567690,2016-08-05
758.8006367760470,2016-08-08
755.790731240194,2016-08-09
754.8450546439980,2016-08-10
757.6514862802530,2016-08-11
756.5126518104160,2016-08-12
763.3660408399300,2016-08-15
757.4030270730560,2016-08-16
762.2048527081500,2016-08-17
776.4213062139020,2016-08-18
771.5140647124390,2016-08-19
776.496984914318,2016-08-22
790.1302053430930,2016-08-23
800.0785796300430,2016-08-24
807.2615682580690,2016-08-25
806.237524802712,2016-08-26
805.2632461482750,2016-08-29
807.9901065505190,2016-08-30
808.1967960155060,2016-08-31
810.0939116028490,2016-09-01
809.1263413574930,2016-09-02
815.5154976373210,2016-09-06
813.0459827101500,2016-09-07
816.3831076035430,2016-09-08
808.5641182623850,2016-09-09
814.4028452929290,2016-09-12
816.4054102237980,2016-09-13
816.1537988017340,2016-09-14
819.1870363508200,2016-09-15
822.7230525416310,2016-09-16
823.8602863225830,2016-09-19
817.5680055911220,2016-09-20
808.313963559724,2016-09-21
806.620814858997,2016-09-22
810.430710336882,2016-09-23
813.6062546125570,2016-09-26
816.1208464237720,2016-09-27
823.3852304217200,2016-09-28
819.6198569715560,2016-09-29
820.51262512168,2016-09-30
825.48715418187,2016-10-03
821.3407214090160,2016-10-04
814.8567146018840,2016-10-05
822.0958142695940,2016-10-06
817.2619815715530,2016-10-07
821.772180960947,2016-10-10
827.8432884741520,2016-10-11
830.2635598222090,2016-10-12
839.4418467811620,2016-10-13
844.8087166243640,2016-10-14
839.5999722645750,2016-10-17
836.8437877186550,2016-10-18
836.6687226296970,2016-10-19
835.9160411061740,2016-10-20
839.8711861588180,2016-10-21
843.2567463800190,2016-10-24
848.9989760270870,2016-10-25
856.7736188057470,2016-10-26
849.8308510037560,2016-10-27
848.4708623083590,2016-10-28
850.461512769927,2016-10-31
851.9628381875620,2016-11-01
851.7823826155350,2016-11-02
843.1368961387130,2016-11-03
844.776791036222,2016-11-04
831.8457125526530,2016-11-07
832.0613471982590,2016-11-08
828.806349707521,2016-11-09
836.9716329556090,2016-11-10
841.8826977596010,2016-11-11
860.3722220868060,2016-11-14
862.7612795663810,2016-11-15
867.6688264612800,2016-11-16
869.1702943022090,2016-11-17
871.9798258604740,2016-11-18
873.7152513467200,2016-11-21
883.1403142142480,2016-11-22
884.1502452371810,2016-11-23
869.5644473796180,2016-11-25
877.1566018663410,2016-11-28
871.5934112341220,2016-11-29
869.7566705405300,2016-11-30
867.642688264022,2016-12-01
869.8068359940190,2016-12-02
862.67092747483,2016-12-05
857.1930497414420,2016-12-06
853.6492451511850,2016-12-07
860.2681214341640,2016-12-08
863.8617428376410,2016-12-09
865.7420196788560,2016-12-12
865.6007423732960,2016-12-13
874.089288156406,2016-12-14
877.7858288742530,2016-12-15
878.3697651968950,2016-12-16
877.8520277550690,2016-12-19
878.9037651196730,2016-12-20
874.1487131910310,2016-12-21
879.9637372979850,2016-12-22
883.3109597302540,2016-12-23
882.192867707085,2016-12-27
880.662822827533,2016-12-28
876.5555666673350,2016-12-29
877.3012638263810,2016-12-30
879.9591469640840,2017-01-03
882.2950501907980,2017-01-04
873.9255376222950,2017-01-05
871.480329011778,2017-01-06
874.0959689842160,2017-01-09
876.8148922963930,2017-01-10
879.3115290162420,2017-01-11
872.7648973058500,2017-01-12
869.3987728888800,2017-01-13
861.9157124115220,2017-01-17
855.9334547737580,2017-01-18
850.5618735000300,2017-01-19
849.648161062338,2017-01-20
865.9257671951250,2017-01-23
870.4387111678020,2017-01-24
868.8387442702290,2017-01-25
871.019904010891,2017-01-26
868.9597013172600,2017-01-27
865.2185775415340,2017-01-30
873.9880937834360,2017-01-31
877.2133307017090,2017-02-01
881.1149316025930,2017-02-02
875.6887497600110,2017-02-03
883.7391145268410,2017-02-06
873.7368643092570,2017-02-07
881.3496185378370,2017-02-08
878.802867203232,2017-02-09
879.4404258396760,2017-02-10
879.448051329637,2017-02-13
889.4018087747610,2017-02-14
883.8818672777690,2017-02-15
886.0324541875060,2017-02-16
891.2304575480380,2017-02-17
894.1906671319710,2017-02-21
894.453459300688,2017-02-22
887.4973560308160,2017-02-23
885.4624756198650,2017-02-24
894.6445440736360,2017-02-27
886.2038367304510,2017-02-28
889.1749344172050,2017-03-01
888.6029585665580,2017-03-02
880.2419022803720,2017-03-03
872.8983908600370,2017-03-06
871.6291163490140,2017-03-07
866.5186383275390,2017-03-08
879.3137705053550,2017-03-09
875.9552723327650,2017-03-10
879.5790613088160,2017-03-13
871.84866574791,2017-03-14
870.8860934550230,2017-03-15
874.553949867586,2017-03-16
876.8973261597320,2017-03-17
883.8523064895370,2017-03-20
892.8792204164380,2017-03-21
893.5544141533350,2017-03-22
896.5132725754850,2017-03-23
898.1330234305050,2017-03-24
890.9963696005560,2017-03-27
884.6854169195780,2017-03-28
878.454101196145,2017-03-29
875.0327198713310,2017-03-30
868.5853817396560,2017-03-31
861.7119109928640,2017-04-03
848.5045660409370,2017-04-04
845.8092279797120,2017-04-05
845.3748126942030,2017-04-06
838.9788609775730,2017-04-07
835.8418915624180,2017-04-10
838.3031403731860,2017-04-11
833.5922324565210,2017-04-12
838.7055910991830,2017-04-13
836.7990624003990,2017-04-17
842.9857980646610,2017-04-18
847.5122866337880,2017-04-19
841.3587225596320,2017-04-20
837.8811131322090,2017-04-21
830.3634713282690,2017-04-24
830.9401803805030,2017-04-25
834.2683100939480,2017-04-26
840.5238381751420,2017-04-27
834.1928571940230,2017-04-28
835.3954476277580,2017-05-01
849.225318269104,2017-05-02
855.1505610577470,2017-05-03
860.8925758770650,2017-05-04
858.675987560645,2017-05-05
854.1551670259660,2017-05-08
845.8304457920900,2017-05-09
847.7225938692280,2017-05-10
849.1529421042080,2017-05-11
850.5698530579780,2017-05-12
846.245709171761,2017-05-15
854.6071404640900,2017-05-16
855.987095553387,2017-05-17
852.815159285229,2017-05-18
852.0329267235550,2017-05-19
849.1358052326000,2017-05-22
847.3882125943440,2017-05-23
850.3279900552250,2017-05-24
847.7868372116880,2017-05-25
848.8520475343130,2017-05-26
842.2496805102110,2017-05-30
841.1392076347130,2017-05-31
840.5805178630840,2017-06-01
830.0485804834340,2017-06-02
825.2575835141800,2017-06-05
835.822788366682,2017-06-06
831.0964808057760,2017-06-07
826.954656858358,2017-06-08
826.4840748973740,2017-06-09
830.488866069241,2017-06-12
825.4877566710020,2017-06-13
820.0718787070640,2017-06-14
824.4690248787390,2017-06-15
833.4693658340630,2017-06-16
828.3316019003140,2017-06-19
820.2802942097430,2017-06-20
818.7249486138310,2017-06-21
820.9457584704490,2017-06-22
816.7607721362690,2017-06-23
811.158830289898,2017-06-26
814.6007949558,2017-06-27
810.3443631683580,2017-06-28
806.4782329981650,2017-06-29
809.728070856749,2017-06-30